Stephen	Greene
Jonathan	Nash
Caroline	Wilkins
Jan	McLean
Christian	Greene
Alexander	Hill
Diana	Hughes
Jake	Dowd
Vanessa	Turner
Nathan	Marshall
Evan	Blake
Nathan	Ross
Michael	Langdon
Irene	Walsh
Carolyn	Thomson
Julian	Langdon
Carol	Newman
Irene	Piper
Sam	Duncan
Edward	Langdon
Amy	Rees
Charles	Ross
Samantha	Mills
Heather	Grant
Robert	Metcalfe
Amanda	Thomson
Tracey	Lyman
Victor	Edmunds
Adrian	Campbell
Neil	Mitchell
Steven	Hodges
Madeleine	Anderson
Robert	Wallace
Dan	Parsons
Sarah	Watson
Katherine	Wallace
Nathan	Hunter
Faith	Quinn
Carl	Scott
Natalie	Welch
Hannah	Langdon
Katherine	Berry
Kevin	Cameron
Justin	Forsyth
Diana	Nash
Amy	Pullman
Natalie	Rampling
Megan	Watson
Katherine	Young
Nicholas	Watson
David	Lee
Samantha	Blake
Gavin	Robertson
Victor	Piper
Joan	Oliver
Ian	Slater
John	Wallace
Jennifer	Murray
Madeleine	Vance
Ruth	Bower
Penelope	Butler
Max	Wilson
Theresa	Fraser
Emily	Arnold
Ella	Rutherford
Rachel	Dyer
Karen	Hart
Cameron	Edmunds
Lillian	Rampling
Sebastian	Lambert
Stephanie	Hamilton
Mary	Clark
Gavin	Turner
Alexander	Fisher
Carolyn	McLean
Austin	Rampling
Christopher	Carr
Irene	Lawrence
Dominic	Turner
Maria	King
Jacob	Abraham
Emma	Bailey
Victor	Gill
Gabrielle	Hughes
Victor	Tucker
Simon	Dyer
Carol	Morgan
Joe	Wilson
Emily	Ince
Stephen	Quinn
Elizabeth	Young
Chloe	Gray
Justin	Marshall
Steven	Piper
Wendy	Burgess
William	Parsons
Owen	Hemmings
Jennifer	Wallace
Brandon	Thomson
Victor	Mathis
